Workbook

Sheet Ringkasan
A1: RINGKASAN PENGUJIAN SKALA PIKSEL
A3: PX_PER_CELL | B3: Jumlah citra | C3: Tinggi board warp (px) | D3: cmPerPixel (cm/px) | E3: Lebar output (px) | F3: Tinggi canvas (px) | G3: Hasil aplikasi terisi | H3: MAE (cm) | I3: Error min (cm) | J3: Error maks (cm)
A4: 100 | B4: =COUNTA('PX 100'!B5:B19) -> 15 | C4: ='PX 100'!G5 -> 1935 | D4: ='PX 100'!H5 -> 0.10335917 | E4: ='PX 100'!I5 -> 1100 | F4: ='PX 100'!J5 -> 2530 | G4: =COUNT('PX 100'!M5:M19) -> 15 | H4: =AVERAGE('PX 100'!N5:N19) -> 2.3266667 | I4: =MIN('PX 100'!N5:N19) -> 0.4 | J4: =MAX('PX 100'!N5:N19) -> 8
A5: 120 | B5: =COUNTA('PX 120'!B5:B19) -> 15 | C5: ='PX 120'!G5 -> 2322 | D5: ='PX 120'!H5 -> 0.086132644 | E5: ='PX 120'!I5 -> 1320 | F5: ='PX 120'!J5 -> 3036 | G5: =COUNT('PX 120'!M5:M19) -> 15 | H5: =AVERAGE('PX 120'!N5:N19) -> 1.8666667 | I5: =MIN('PX 120'!N5:N19) -> 0.1 | J5: =MAX('PX 120'!N5:N19) -> 3.4
A6: 150 | B6: =COUNTA('PX 150'!B5:B19) -> 15 | C6: ='PX 150'!G5 -> 2902.5 | D6: ='PX 150'!H5 -> 0.068906115 | E6: ='PX 150'!I5 -> 1650 | F6: ='PX 150'!J5 -> 3795 | G6: =COUNT('PX 150'!M5:M19) -> 15 | H6: =AVERAGE('PX 150'!N5:N19) -> 2.4666667 | I6: =MIN('PX 150'!N5:N19) -> 0.2 | J6: =MAX('PX 150'!N5:N19) -> 7.4

Sheet PX 100
A1: PENGUJIAN KEDUA – PX_PER_CELL 100
A4: No. | B4: Kode | C4: PX_PER_CELL | D4: Jumlah marker terdeteksi | E4: Perspektif | F4: Board terlihat lurus | G4: Tinggi board hasil warp (px) | H4: cmPerPixel (cm/px) | I4: Lebar output (px) | J4: Tinggi output/ canvas (px) | K4: Tubuh/board terpotong | L4: Tinggi aktual/ referensi (cm) | M4: Hasil aplikasi (cm) | N4: Error absolut (cm)
A5: 1 | B5: C01 | C5: 100 | E5: Berhasil | F5: Ya | G5: =C5*19.35 -> 1935 | H5: =200/G5 -> 0.10335917 | I5: =C5*11 -> 1100 | J5: =C5*25.3 -> 2530 | K5: Tidak | L5: 169 | M5: 161 | N5: =ABS(M5-L5) -> 8
A6: 2 | B6: C02 | C6: 100 | E6: Berhasil | F6: Ya | G6: =C6*19.35 -> 1935 | H6: =200/G6 -> 0.10335917 | I6: =C6*11 -> 1100 | J6: =C6*25.3 -> 2530 | K6: Tidak | L6: 160 | M6: 160.4 | N6: =ABS(M6-L6) -> 0.4
A7: 3 | B7: C03 | C7: 100 | E7: Berhasil | F7: Ya | G7: =C7*19.35 -> 1935 | H7: =200/G7 -> 0.10335917 | I7: =C7*11 -> 1100 | J7: =C7*25.3 -> 2530 | K7: Tidak | L7: 168 | M7: 169.4 | N7: =ABS(M7-L7) -> 1.4
A8: 4 | B8: C04 | C8: 100 | E8: Berhasil | F8: Ya | G8: =C8*19.35 -> 1935 | H8: =200/G8 -> 0.10335917 | I8: =C8*11 -> 1100 | J8: =C8*25.3 -> 2530 | K8: Tidak | L8: 153 | M8: 149.2 | N8: =ABS(M8-L8) -> 3.8
A9: 5 | B9: C05 | C9: 100 | E9: Berhasil | F9: Ya | G9: =C9*19.35 -> 1935 | H9: =200/G9 -> 0.10335917 | I9: =C9*11 -> 1100 | J9: =C9*25.3 -> 2530 | K9: Tidak | L9: 164 | M9: 162.4 | N9: =ABS(M9-L9) -> 1.6
A10: 6 | B10: C06 | C10: 100 | E10: Berhasil | F10: Ya | G10: =C10*19.35 -> 1935 | H10: =200/G10 -> 0.10335917 | I10: =C10*11 -> 1100 | J10: =C10*25.3 -> 2530 | K10: Tidak | L10: 167 | M10: 164.4 | N10: =ABS(M10-L10) -> 2.6
A11: 7 | B11: C07 | C11: 100 | E11: Berhasil | F11: Ya | G11: =C11*19.35 -> 1935 | H11: =200/G11 -> 0.10335917 | I11: =C11*11 -> 1100 | J11: =C11*25.3 -> 2530 | K11: Tidak | L11: 157 | M11: 154.9 | N11: =ABS(M11-L11) -> 2.1
A12: 8 | B12: C08 | C12: 100 | E12: Berhasil | F12: Ya | G12: =C12*19.35 -> 1935 | H12: =200/G12 -> 0.10335917 | I12: =C12*11 -> 1100 | J12: =C12*25.3 -> 2530 | K12: Tidak | L12: 152 | M12: 152.9 | N12: =ABS(M12-L12) -> 0.9
A13: 9 | B13: C09 | C13: 100 | E13: Berhasil | F13: Ya | G13: =C13*19.35 -> 1935 | H13: =200/G13 -> 0.10335917 | I13: =C13*11 -> 1100 | J13: =C13*25.3 -> 2530 | K13: Tidak | L13: 166 | M13: 169.1 | N13: =ABS(M13-L13) -> 3.1
A14: 10 | B14: C10 | C14: 100 | E14: Berhasil | F14: Ya | G14: =C14*19.35 -> 1935 | H14: =200/G14 -> 0.10335917 | I14: =C14*11 -> 1100 | J14: =C14*25.3 -> 2530 | K14: Tidak | L14: 165 | M14: 162.7 | N14: =ABS(M14-L14) -> 2.3
A15: 11 | B15: C11 | C15: 100 | E15: Berhasil | F15: Tidak | G15: =C15*19.35 -> 1935 | H15: =200/G15 -> 0.10335917 | I15: =C15*11 -> 1100 | J15: =C15*25.3 -> 2530 | K15: Ya | L15: 166 | M15: 163.9 | N15: =ABS(M15-L15) -> 2.1
A16: 12 | B16: C12 | C16: 100 | E16: Berhasil | F16: Ya | G16: =C16*19.35 -> 1935 | H16: =200/G16 -> 0.10335917 | I16: =C16*11 -> 1100 | J16: =C16*25.3 -> 2530 | K16: Tidak | L16: 162 | M16: 159.9 | N16: =ABS(M16-L16) -> 2.1
... A19: 15 | B19: C15 | C19: 100 | E19: Berhasil | F19: Ya | G19: =C19*19.35 -> 1935 | H19: =200/G19 -> 0.10335917 | I19: =C19*11 -> 1100 | J19: =C19*25.3 -> 2530 | K19: Tidak | L19: 175 | M19: 176.5 | N19: =ABS(M19-L19) -> 1.5

Sheet PX 120
A1: PENGUJIAN KEDUA – PX_PER_CELL 120
A4: No. | B4: Kode | C4: PX_PER_CELL | D4: Jumlah marker terdeteksi | E4: Perspektif | F4: Board terlihat lurus | G4: Tinggi board hasil warp (px) | H4: cmPerPixel (cm/px) | I4: Lebar output (px) | J4: Tinggi output/ canvas (px) | K4: Tubuh/board terpotong | L4: Tinggi aktual/ referensi (cm) | M4: Hasil aplikasi (cm) | N4: Error absolut (cm)
A5: 1 | B5: C01 | C5: 120 | E5: Berhasil | F5: Ya | G5: =C5*19.35 -> 2322 | H5: =200/G5 -> 0.086132644 | I5: =C5*11 -> 1320 | J5: =C5*25.3 -> 3036 | K5: Tidak | L5: 169 | M5: 167.3 | N5: =ABS(M5-L5) -> 1.7
A6: 2 | B6: C02 | C6: 120 | E6: Berhasil | F6: Ya | G6: =C6*19.35 -> 2322 | H6: =200/G6 -> 0.086132644 | I6: =C6*11 -> 1320 | J6: =C6*25.3 -> 3036 | K6: Tidak | L6: 160 | M6: 159.9 | N6: =ABS(M6-L6) -> 0.1
A7: 3 | B7: C03 | C7: 120 | E7: Berhasil | F7: Ya | G7: =C7*19.35 -> 2322 | H7: =200/G7 -> 0.086132644 | I7: =C7*11 -> 1320 | J7: =C7*25.3 -> 3036 | K7: Tidak | L7: 168 | M7: 168.6 | N7: =ABS(M7-L7) -> 0.6
A8: 4 | B8: C04 | C8: 120 | E8: Berhasil | F8: Ya | G8: =C8*19.35 -> 2322 | H8: =200/G8 -> 0.086132644 | I8: =C8*11 -> 1320 | J8: =C8*25.3 -> 3036 | K8: Tidak | L8: 153 | M8: 150.1 | N8: =ABS(M8-L8) -> 2.9
A9: 5 | B9: C05 | C9: 120 | E9: Berhasil | F9: Ya | G9: =C9*19.35 -> 2322 | H9: =200/G9 -> 0.086132644 | I9: =C9*11 -> 1320 | J9: =C9*25.3 -> 3036 | K9: Tidak | L9: 164 | M9: 162.3 | N9: =ABS(M9-L9) -> 1.7
A10: 6 | B10: C06 | C10: 120 | E10: Berhasil | F10: Ya | G10: =C10*19.35 -> 2322 | H10: =200/G10 -> 0.086132644 | I10: =C10*11 -> 1320 | J10: =C10*25.3 -> 3036 | K10: Tidak | L10: 167 | M10: 165.6 | N10: =ABS(M10-L10) -> 1.4
A11: 7 | B11: C07 | C11: 120 | E11: Berhasil | F11: Ya | G11: =C11*19.35 -> 2322 | H11: =200/G11 -> 0.086132644 | I11: =C11*11 -> 1320 | J11: =C11*25.3 -> 3036 | K11: Tidak | L11: 157 | M11: 155 | N11: =ABS(M11-L11) -> 2
A12: 8 | B12: C08 | C12: 120 | E12: Berhasil | F12: Ya | G12: =C12*19.35 -> 2322 | H12: =200/G12 -> 0.086132644 | I12: =C12*11 -> 1320 | J12: =C12*25.3 -> 3036 | K12: Tidak | L12: 152 | M12: 152.1 | N12: =ABS(M12-L12) -> 0.1
A13: 9 | B13: C09 | C13: 120 | E13: Berhasil | F13: Ya | G13: =C13*19.35 -> 2322 | H13: =200/G13 -> 0.086132644 | I13: =C13*11 -> 1320 | J13: =C13*25.3 -> 3036 | K13: Tidak | L13: 166 | M13: 169.4 | N13: =ABS(M13-L13) -> 3.4
A14: 10 | B14: C10 | C14: 120 | E14: Berhasil | F14: Ya | G14: =C14*19.35 -> 2322 | H14: =200/G14 -> 0.086132644 | I14: =C14*11 -> 1320 | J14: =C14*25.3 -> 3036 | K14: Tidak | L14: 165 | M14: 162.5 | N14: =ABS(M14-L14) -> 2.5
A15: 11 | B15: C11 | C15: 120 | E15: Berhasil | F15: Ya | G15: =C15*19.35 -> 2322 | H15: =200/G15 -> 0.086132644 | I15: =C15*11 -> 1320 | J15: =C15*25.3 -> 3036 | K15: Tidak | L15: 166 | M15: 163 | N15: =ABS(M15-L15) -> 3
A16: 12 | B16: C12 | C16: 120 | E16: Berhasil | F16: Ya | G16: =C16*19.35 -> 2322 | H16: =200/G16 -> 0.086132644 | I16: =C16*11 -> 1320 | J16: =C16*25.3 -> 3036 | K16: Tidak | L16: 162 | M16: 162.2 | N16: =ABS(M16-L16) -> 0.2
... A19: 15 | B19: C15 | C19: 120 | E19: Berhasil | F19: Ya | G19: =C19*19.35 -> 2322 | H19: =200/G19 -> 0.086132644 | I19: =C19*11 -> 1320 | J19: =C19*25.3 -> 3036 | K19: Tidak | L19: 175 | M19: 177.2 | N19: =ABS(M19-L19) -> 2.2

Sheet PX 150
A1: PENGUJIAN KEDUA – PX_PER_CELL 150
A4: No. | B4: Kode | C4: PX_PER_CELL | D4: Jumlah marker terdeteksi | E4: Perspektif | F4: Board terlihat lurus | G4: Tinggi board hasil warp (px) | H4: cmPerPixel (cm/px) | I4: Lebar output (px) | J4: Tinggi output/ canvas (px) | K4: Tubuh/board terpotong | L4: Tinggi aktual/ referensi (cm) | M4: Hasil aplikasi (cm) | N4: Error absolut (cm)
A5: 1 | B5: C01 | C5: 150 | E5: Berhasil | F5: Ya | G5: =C5*19.35 -> 2902.5 | H5: =200/G5 -> 0.068906115 | I5: =C5*11 -> 1650 | J5: =C5*25.3 -> 3795 | K5: Tidak | L5: 169 | M5: 167.4 | N5: =ABS(M5-L5) -> 1.6
A6: 2 | B6: C02 | C6: 150 | E6: Berhasil | F6: Ya | G6: =C6*19.35 -> 2902.5 | H6: =200/G6 -> 0.068906115 | I6: =C6*11 -> 1650 | J6: =C6*25.3 -> 3795 | K6: Tidak | L6: 160 | M6: 160.6 | N6: =ABS(M6-L6) -> 0.6
A7: 3 | B7: C03 | C7: 150 | E7: Berhasil | F7: Ya | G7: =C7*19.35 -> 2902.5 | H7: =200/G7 -> 0.068906115 | I7: =C7*11 -> 1650 | J7: =C7*25.3 -> 3795 | K7: Tidak | L7: 168 | M7: 168.2 | N7: =ABS(M7-L7) -> 0.2
A8: 4 | B8: C04 | C8: 150 | E8: Berhasil | F8: Ya | G8: =C8*19.35 -> 2902.5 | H8: =200/G8 -> 0.068906115 | I8: =C8*11 -> 1650 | J8: =C8*25.3 -> 3795 | K8: Tidak | L8: 153 | M8: 150.2 | N8: =ABS(M8-L8) -> 2.8
A9: 5 | B9: C05 | C9: 150 | E9: Berhasil | F9: Ya | G9: =C9*19.35 -> 2902.5 | H9: =200/G9 -> 0.068906115 | I9: =C9*11 -> 1650 | J9: =C9*25.3 -> 3795 | K9: Tidak | L9: 164 | M9: 160.1 | N9: =ABS(M9-L9) -> 3.9
A10: 6 | B10: C06 | C10: 150 | E10: Berhasil | F10: Ya | G10: =C10*19.35 -> 2902.5 | H10: =200/G10 -> 0.068906115 | I10: =C10*11 -> 1650 | J10: =C10*25.3 -> 3795 | K10: Tidak | L10: 167 | M10: 165.8 | N10: =ABS(M10-L10) -> 1.2
A11: 7 | B11: C07 | C11: 150 | E11: Berhasil | F11: Ya | G11: =C11*19.35 -> 2902.5 | H11: =200/G11 -> 0.068906115 | I11: =C11*11 -> 1650 | J11: =C11*25.3 -> 3795 | K11: Tidak | L11: 157 | M11: 155.6 | N11: =ABS(M11-L11) -> 1.4
A12: 8 | B12: C08 | C12: 150 | E12: Berhasil | F12: Ya | G12: =C12*19.35 -> 2902.5 | H12: =200/G12 -> 0.068906115 | I12: =C12*11 -> 1650 | J12: =C12*25.3 -> 3795 | K12: Tidak | L12: 152 | M12: 153.4 | N12: =ABS(M12-L12) -> 1.4
A13: 9 | B13: C09 | C13: 150 | E13: Berhasil | F13: Ya | G13: =C13*19.35 -> 2902.5 | H13: =200/G13 -> 0.068906115 | I13: =C13*11 -> 1650 | J13: =C13*25.3 -> 3795 | K13: Tidak | L13: 166 | M13: 159.5 | N13: =ABS(M13-L13) -> 6.5
A14: 10 | B14: C10 | C14: 150 | E14: Berhasil | F14: Ya | G14: =C14*19.35 -> 2902.5 | H14: =200/G14 -> 0.068906115 | I14: =C14*11 -> 1650 | J14: =C14*25.3 -> 3795 | K14: Tidak | L14: 165 | M14: 165.3 | N14: =ABS(M14-L14) -> 0.3
A15: 11 | B15: C11 | C15: 150 | E15: Berhasil | F15: Ya | G15: =C15*19.35 -> 2902.5 | H15: =200/G15 -> 0.068906115 | I15: =C15*11 -> 1650 | J15: =C15*25.3 -> 3795 | K15: Tidak | L15: 166 | M15: 163.7 | N15: =ABS(M15-L15) -> 2.3
A16: 12 | B16: C12 | C16: 150 | E16: Berhasil | F16: Ya | G16: =C16*19.35 -> 2902.5 | H16: =200/G16 -> 0.068906115 | I16: =C16*11 -> 1650 | J16: =C16*25.3 -> 3795 | K16: Tidak | L16: 162 | M16: 161.7 | N16: =ABS(M16-L16) -> 0.3
... A19: 15 | B19: C15 | C19: 150 | E19: Berhasil | F19: Ya | G19: =C19*19.35 -> 2902.5 | H19: =200/G19 -> 0.068906115 | I19: =C19*11 -> 1650 | J19: =C19*25.3 -> 3795 | K19: Tidak | L19: 175 | M19: 182.4 | N19: =ABS(M19-L19) -> 7.4

Sheet Parameter Uji 3
A1: PARAMETER TETAP PENGUJIAN KETIGA | B1: PARAMETER TETAP PENGUJIAN KETIGA | C1: PARAMETER TETAP PENGUJIAN KETIGA | D1: PARAMETER TETAP PENGUJIAN KETIGA
A3: Parameter | B3: Nilai | C3: Satuan | D3: Asal / kegunaan
A4: PX_PER_CELL terpilih | B4: 120 | C4: px/sel | D4: Hasil terbaik pengujian kedua (MAE paling kecil)
A5: cmPerPixel | B5: ='PX 120'!H5 -> 0.086132644 | C5: cm/px | D5: 200 cm dibagi tinggi board hasil warp pada PX 120
A6: Jarak kamera ke board | B6: 350 | C6: cm | D6: Konstanta kode MeasurementActivity
A7: Jarak subjek dari board | B7: 50 | C7: cm | D7: Konstanta kode MeasurementActivity
A8: Faktor kedalaman | B8: =(B6-B7)/B6 -> 0.85714286 | C8: rasio | D8: (jarak kamera - jarak subjek) / jarak kamera
A9: Faktor kalibrasi tinggi | B9: 1.025 | C9: rasio | D9: Pengali kalibrasi pada kode
A10: Tinggi board nyata | B10: 200 | C10: cm | D10: Ukuran fisik total board
A11: Tinggi board dalam sel | B11: 19.35 | C11: sel | D11: Parameter geometri pada pengujian kedua

Sheet Pengujian Ketiga
A1: PENGUJIAN KETIGA – VALIDASI TITIK PUNCAK KEPALA DAN KAKI TERBAWAH | B1: PENGUJIAN KETIGA – VALIDASI TITIK PUNCAK KEPALA DAN KAKI TERBAWAH | C1: PENGUJIAN KETIGA – VALIDASI TITIK PUNCAK KEPALA DAN KAKI TERBAWAH | D1: PENGUJIAN KETIGA – VALIDASI TITIK PUNCAK KEPALA DAN KAKI TERBAWAH | E1: PENGUJIAN KETIGA – VALIDASI TITIK PUNCAK KEPALA DAN KAKI TERBAWAH | F1: PENGUJIAN KETIGA – VALIDASI TITIK PUNCAK KEPALA DAN KAKI TERBAWAH | G1: PENGUJIAN KETIGA – VALIDASI TITIK PUNCAK KEPALA DAN KAKI TERBAWAH | H1: PENGUJIAN KETIGA – VALIDASI TITIK PUNCAK KEPALA DAN KAKI TERBAWAH | I1: PENGUJIAN KETIGA – VALIDASI TITIK PUNCAK KEPALA DAN KAKI TERBAWAH | J1: PENGUJIAN KETIGA – VALIDASI TITIK PUNCAK KEPALA DAN KAKI TERBAWAH | K1: PENGUJIAN KETIGA – VALIDASI TITIK PUNCAK KEPALA DAN KAKI TERBAWAH | L1: PENGUJIAN KETIGA – VALIDASI TITIK PUNCAK KEPALA DAN KAKI TERBAWAH | M1: PENGUJIAN KETIGA – VALIDASI TITIK PUNCAK KEPALA DAN KAKI TERBAWAH | N1: PENGUJIAN KETIGA – VALIDASI TITIK PUNCAK KEPALA DAN KAKI TERBAWAH | O1: PENGUJIAN KETIGA – VALIDASI TITIK PUNCAK KEPALA DAN KAKI TERBAWAH | P1: PENGUJIAN KETIGA – VALIDASI TITIK PUNCAK KEPALA DAN KAKI TERBAWAH | Q1: PENGUJIAN KETIGA – VALIDASI TITIK PUNCAK KEPALA DAN KAKI TERBAWAH | R1: PENGUJIAN KETIGA – VALIDASI TITIK PUNCAK KEPALA DAN KAKI TERBAWAH | S1: PENGUJIAN KETIGA – VALIDASI TITIK PUNCAK KEPALA DAN KAKI TERBAWAH | T1: PENGUJIAN KETIGA – VALIDASI TITIK PUNCAK KEPALA DAN KAKI TERBAWAH
A2: Tujuan: menguji apakah titik kepala dan kaki yang dipilih aplikasi sesuai dengan penandaan manual pada citra hasil warp.
A4: No. | B4: Kode citra | C4: PX_PER_CELL | D4: Pose tegak | E4: Kepala terlihat | F4: Kaki terlihat | G4: headTop.y aplikasi (px) | H4: headTop.y manual (px) | I4: Galat titik kepala (px) | J4: footBottom.y aplikasi (px) | K4: footBottom.y manual (px) | L4: Galat titik kaki (px) | M4: Tinggi vertikal aplikasi (px) | N4: cmPerPixel (cm/px) | O4: Tinggi aktual (cm) | P4: Hasil aplikasi (cm) | Q4: Galat absolut (cm) | R4: Galat relatif (%) | S4: Waktu proses (detik) | T4: Catatan
A5: 1 | B5: C01 | C5: 120 | D5: Tegak | E5: Ya | F5: Ya | I5: =IF(OR(G5="",H5=""),"",ABS(G5-H5)) | L5: =IF(OR(J5="",K5=""),"",ABS(J5-K5)) | M5: =IF(OR(G5="",J5=""),"",ABS(J5-G5)) | N5: ='PX 120'!$H$5 -> 0.086132644 | O5: ='PX 120'!L5 -> 169 | P5: =IF(M5="","",M5*N5*'Parameter Uji 3'!$B$8*'Parameter Uji 3'!$B$9) | Q5: =IF(P5="","",ABS(P5-O5)) | R5: =IF(OR(Q5="",O5=0),"",Q5/O5)
A6: 2 | B6: C02 | C6: 120 | D6: Tegak | E6: Ya | F6: Ya | I6: =IF(OR(G6="",H6=""),"",ABS(G6-H6)) | L6: =IF(OR(J6="",K6=""),"",ABS(J6-K6)) | M6: =IF(OR(G6="",J6=""),"",ABS(J6-G6)) | N6: ='PX 120'!$H$5 -> 0.086132644 | O6: ='PX 120'!L6 -> 160 | P6: =IF(M6="","",M6*N6*'Parameter Uji 3'!$B$8*'Parameter Uji 3'!$B$9) | Q6: =IF(P6="","",ABS(P6-O6)) | R6: =IF(OR(Q6="",O6=0),"",Q6/O6)
A7: 3 | B7: C03 | C7: 120 | D7: Tegak | E7: Ya | F7: Ya | I7: =IF(OR(G7="",H7=""),"",ABS(G7-H7)) | L7: =IF(OR(J7="",K7=""),"",ABS(J7-K7)) | M7: =IF(OR(G7="",J7=""),"",ABS(J7-G7)) | N7: ='PX 120'!$H$5 -> 0.086132644 | O7: ='PX 120'!L7 -> 168 | P7: =IF(M7="","",M7*N7*'Parameter Uji 3'!$B$8*'Parameter Uji 3'!$B$9) | Q7: =IF(P7="","",ABS(P7-O7)) | R7: =IF(OR(Q7="",O7=0),"",Q7/O7)
A8: 4 | B8: C04 | C8: 120 | D8: Tegak | E8: Ya | F8: Ya | I8: =IF(OR(G8="",H8=""),"",ABS(G8-H8)) | L8: =IF(OR(J8="",K8=""),"",ABS(J8-K8)) | M8: =IF(OR(G8="",J8=""),"",ABS(J8-G8)) | N8: ='PX 120'!$H$5 -> 0.086132644 | O8: ='PX 120'!L8 -> 153 | P8: =IF(M8="","",M8*N8*'Parameter Uji 3'!$B$8*'Parameter Uji 3'!$B$9) | Q8: =IF(P8="","",ABS(P8-O8)) | R8: =IF(OR(Q8="",O8=0),"",Q8/O8)
A9: 5 | B9: C05 | C9: 120 | D9: Tegak | E9: Ya | F9: Ya | I9: =IF(OR(G9="",H9=""),"",ABS(G9-H9)) | L9: =IF(OR(J9="",K9=""),"",ABS(J9-K9)) | M9: =IF(OR(G9="",J9=""),"",ABS(J9-G9)) | N9: ='PX 120'!$H$5 -> 0.086132644 | O9: ='PX 120'!L9 -> 164 | P9: =IF(M9="","",M9*N9*'Parameter Uji 3'!$B$8*'Parameter Uji 3'!$B$9) | Q9: =IF(P9="","",ABS(P9-O9)) | R9: =IF(OR(Q9="",O9=0),"",Q9/O9)
A10: 6 | B10: C06 | C10: 120 | D10: Tegak | E10: Ya | F10: Ya | I10: =IF(OR(G10="",H10=""),"",ABS(G10-H10)) | L10: =IF(OR(J10="",K10=""),"",ABS(J10-K10)) | M10: =IF(OR(G10="",J10=""),"",ABS(J10-G10)) | N10: ='PX 120'!$H$5 -> 0.086132644 | O10: ='PX 120'!L10 -> 167 | P10: =IF(M10="","",M10*N10*'Parameter Uji 3'!$B$8*'Parameter Uji 3'!$B$9) | Q10: =IF(P10="","",ABS(P10-O10)) | R10: =IF(OR(Q10="",O10=0),"",Q10/O10)
A11: 7 | B11: C07 | C11: 120 | D11: Tegak | E11: Ya | F11: Ya | I11: =IF(OR(G11="",H11=""),"",ABS(G11-H11)) | L11: =IF(OR(J11="",K11=""),"",ABS(J11-K11)) | M11: =IF(OR(G11="",J11=""),"",ABS(J11-G11)) | N11: ='PX 120'!$H$5 -> 0.086132644 | O11: ='PX 120'!L11 -> 157 | P11: =IF(M11="","",M11*N11*'Parameter Uji 3'!$B$8*'Parameter Uji 3'!$B$9) | Q11: =IF(P11="","",ABS(P11-O11)) | R11: =IF(OR(Q11="",O11=0),"",Q11/O11)
A12: 8 | B12: C08 | C12: 120 | D12: Tegak | E12: Ya | F12: Ya | I12: =IF(OR(G12="",H12=""),"",ABS(G12-H12)) | L12: =IF(OR(J12="",K12=""),"",ABS(J12-K12)) | M12: =IF(OR(G12="",J12=""),"",ABS(J12-G12)) | N12: ='PX 120'!$H$5 -> 0.086132644 | O12: ='PX 120'!L12 -> 152 | P12: =IF(M12="","",M12*N12*'Parameter Uji 3'!$B$8*'Parameter Uji 3'!$B$9) | Q12: =IF(P12="","",ABS(P12-O12)) | R12: =IF(OR(Q12="",O12=0),"",Q12/O12)
A13: 9 | B13: C09 | C13: 120 | D13: Tegak | E13: Ya | F13: Ya | I13: =IF(OR(G13="",H13=""),"",ABS(G13-H13)) | L13: =IF(OR(J13="",K13=""),"",ABS(J13-K13)) | M13: =IF(OR(G13="",J13=""),"",ABS(J13-G13)) | N13: ='PX 120'!$H$5 -> 0.086132644 | O13: ='PX 120'!L13 -> 166 | P13: =IF(M13="","",M13*N13*'Parameter Uji 3'!$B$8*'Parameter Uji 3'!$B$9) | Q13: =IF(P13="","",ABS(P13-O13)) | R13: =IF(OR(Q13="",O13=0),"",Q13/O13)
A14: 10 | B14: C10 | C14: 120 | D14: Tegak | E14: Ya | F14: Ya | I14: =IF(OR(G14="",H14=""),"",ABS(G14-H14)) | L14: =IF(OR(J14="",K14=""),"",ABS(J14-K14)) | M14: =IF(OR(G14="",J14=""),"",ABS(J14-G14)) | N14: ='PX 120'!$H$5 -> 0.086132644 | O14: ='PX 120'!L14 -> 165 | P14: =IF(M14="","",M14*N14*'Parameter Uji 3'!$B$8*'Parameter Uji 3'!$B$9) | Q14: =IF(P14="","",ABS(P14-O14)) | R14: =IF(OR(Q14="",O14=0),"",Q14/O14)
A15: 11 | B15: C11 | C15: 120 | D15: Tegak | E15: Ya | F15: Ya | I15: =IF(OR(G15="",H15=""),"",ABS(G15-H15)) | L15: =IF(OR(J15="",K15=""),"",ABS(J15-K15)) | M15: =IF(OR(G15="",J15=""),"",ABS(J15-G15)) | N15: ='PX 120'!$H$5 -> 0.086132644 | O15: ='PX 120'!L15 -> 166 | P15: =IF(M15="","",M15*N15*'Parameter Uji 3'!$B$8*'Parameter Uji 3'!$B$9) | Q15: =IF(P15="","",ABS(P15-O15)) | R15: =IF(OR(Q15="",O15=0),"",Q15/O15)
A16: 12 | B16: C12 | C16: 120 | D16: Tegak | E16: Ya | F16: Ya | I16: =IF(OR(G16="",H16=""),"",ABS(G16-H16)) | L16: =IF(OR(J16="",K16=""),"",ABS(J16-K16)) | M16: =IF(OR(G16="",J16=""),"",ABS(J16-G16)) | N16: ='PX 120'!$H$5 -> 0.086132644 | O16: ='PX 120'!L16 -> 162 | P16: =IF(M16="","",M16*N16*'Parameter Uji 3'!$B$8*'Parameter Uji 3'!$B$9) | Q16: =IF(P16="","",ABS(P16-O16)) | R16: =IF(OR(Q16="",O16=0),"",Q16/O16)
... A19: 15 | B19: C15 | C19: 120 | D19: Tegak | E19: Ya | F19: Ya | I19: =IF(OR(G19="",H19=""),"",ABS(G19-H19)) | L19: =IF(OR(J19="",K19=""),"",ABS(J19-K19)) | M19: =IF(OR(G19="",J19=""),"",ABS(J19-G19)) | N19: ='PX 120'!$H$5 -> 0.086132644 | O19: ='PX 120'!L19 -> 175 | P19: =IF(M19="","",M19*N19*'Parameter Uji 3'!$B$8*'Parameter Uji 3'!$B$9) | Q19: =IF(P19="","",ABS(P19-O19)) | R19: =IF(OR(Q19="",O19=0),"",Q19/O19)

Sheet Ringkasan Uji 3
A1: RINGKASAN HASIL PENGUJIAN KETIGA | B1: RINGKASAN HASIL PENGUJIAN KETIGA | C1: RINGKASAN HASIL PENGUJIAN KETIGA | D1: RINGKASAN HASIL PENGUJIAN KETIGA
A3: Indikator | B3: Nilai | C3: Satuan | D3: Interpretasi
A4: PX_PER_CELL yang digunakan | B4: ='Parameter Uji 3'!B4 -> 120 | C4: px/sel | D4: Parameter terbaik dari pengujian kedua
A5: Jumlah citra | B5: =COUNTA('Pengujian Ketiga'!B5:B19) -> 15 | C5: citra | D5: Target 15 citra
A6: Data hasil lengkap | B6: =COUNT('Pengujian Ketiga'!P5:P19) -> 0 | C6: citra | D6: Terisi jika hasil aplikasi tersedia
A7: Rata-rata galat titik kepala | B7: =IF(COUNT('Pengujian Ketiga'!I5:I19)=0,"",AVERAGE('Pengujian Ketiga'!I5:I19)) | C7: px | D7: Semakin kecil semakin baik
A8: Rata-rata galat titik kaki | B8: =IF(COUNT('Pengujian Ketiga'!L5:L19)=0,"",AVERAGE('Pengujian Ketiga'!L5:L19)) | C8: px | D8: Semakin kecil semakin baik
A9: MAE tinggi | B9: =IF(COUNT('Pengujian Ketiga'!Q5:Q19)=0,"",AVERAGE('Pengujian Ketiga'!Q5:Q19)) | C9: cm | D9: Rata-rata galat absolut terhadap tinggi aktual
A10: Rata-rata galat relatif | B10: =IF(COUNT('Pengujian Ketiga'!R5:R19)=0,"",AVERAGE('Pengujian Ketiga'!R5:R19)) | C10: % | D10: MAE dalam proporsi tinggi aktual
A11: Galat absolut maksimum | B11: =IF(COUNT('Pengujian Ketiga'!Q5:Q19)=0,"",MAX('Pengujian Ketiga'!Q5:Q19)) | C11: cm | D11: Kasus terburuk
A12: Rata-rata waktu proses | B12: =IF(COUNT('Pengujian Ketiga'!S5:S19)=0,"",AVERAGE('Pengujian Ketiga'!S5:S19)) | C12: detik | D12: Kecepatan pemrosesan

Sheet Petunjuk & Kekurangan
A1: PETUNJUK PENGUJIAN KETIGA DAN DATA YANG MASIH KURANG | B1: PETUNJUK PENGUJIAN KETIGA DAN DATA YANG MASIH KURANG | C1: PETUNJUK PENGUJIAN KETIGA DAN DATA YANG MASIH KURANG | D1: PETUNJUK PENGUJIAN KETIGA DAN DATA YANG MASIH KURANG
A3: Langkah | B3: Yang dilakukan | C3: Yang dicatat | D3: Tujuan
A4: 1 | B4: Gunakan 15 citra yang sama dengan pengujian kedua dan tetapkan PX_PER_CELL = 120. | C4: Kode citra dan PX_PER_CELL | D4: Perbandingan tetap adil
A5: 2 | B5: Pastikan subjek tegak serta kepala dan kaki tidak terpotong. | C5: Pose, kepala terlihat, kaki terlihat | D5: Mencegah galat akibat input tidak valid
A6: 3 | B6: Ambil nilai Y puncak kepala dan kaki terbawah dari aplikasi. | C6: headTop.y dan footBottom.y aplikasi | D6: Menguji keluaran algoritma
A7: 4 | B7: Tandai titik yang sama secara manual pada citra hasil warp. | C7: headTop.y dan footBottom.y manual | D7: Menjadi referensi titik
A8: 5 | B8: Masukkan tinggi aktual dan hasil aplikasi. | C8: Tinggi aktual, hasil aplikasi | D8: Menghitung galat absolut/relatif
A9: 6 | B9: Ulangi setiap citra minimal 3 kali bila pengambilan dilakukan ulang. | C9: Hasil tiap ulangan dan waktu proses | D9: Mengukur konsistensi
A11: No. | B11: Kekurangan pada tabel pengujian kedua | C11: Dampak | D11: Yang harus ditambahkan
A12: 1 | B12: Jumlah marker terdeteksi masih kosong. | C12: Kualitas deteksi board tidak dapat dinilai. | D12: Isi jumlah marker untuk setiap citra.
A13: 2 | B13: Status board lurus dan tubuh/board terpotong belum lengkap pada PX 120. | C13: Penyebab galat tinggi sulit dilacak. | D13: Isi Ya/Tidak untuk semua baris.
A14: 3 | B14: Belum ada koordinat mentah kepala dan kaki. | C14: Tidak diketahui apakah galat berasal dari landmark. | D14: Pengujian ketiga menambahkan koordinat aplikasi dan manual.
A15: 4 | B15: Belum ada galat relatif (%). | C15: Sulit membandingkan galat antar tinggi subjek. | D15: Hitung galat absolut dibagi tinggi aktual.
A16: 5 | B16: Belum ada waktu proses. | C16: Performa aplikasi tidak terukur. | D16: Catat waktu proses per citra.
A17: 6 | B17: Jarak kamera-board, jarak subjek-board, pencahayaan, dan sudut kamera belum dicatat. | C17: Pengujian sulit direplikasi. | D17: Tambahkan kondisi pengambilan pada catatan/protokol.
A18: 7 | B18: Belum ada pengulangan dan simpangan baku. | C18: Konsistensi hasil belum diketahui. | D18: Lakukan minimal 3 ulangan per kondisi.
A19: 8 | B19: Istilah 'Error absolut' sebaiknya menggunakan 'Galat absolut'. | C19: Istilah laporan kurang baku. | D19: Gunakan istilah galat absolut dan galat relatif.
