Workbook

Sheet Referensi Manual
A1: REFERENSI MANUAL PUNCAK KEPALA | B1: REFERENSI MANUAL PUNCAK KEPALA | C1: REFERENSI MANUAL PUNCAK KEPALA | D1: REFERENSI MANUAL PUNCAK KEPALA | E1: REFERENSI MANUAL PUNCAK KEPALA
A2: Tandai satu kali puncak kepala pada citra warp PX 120. Nilai ini dipakai sebagai pembanding yang sama untuk seluruh 9 kombinasi.
A4: No. | B4: Kode citra | C4: Y puncak kepala manual (px) | D4: Cara anotasi | E4: Catatan
A5: 1 | B5: C01 | D5: Piksel paling atas kepala pada citra warp PX 120
A6: 2 | B6: C02 | D6: Piksel paling atas kepala pada citra warp PX 120
A7: 3 | B7: C03 | D7: Piksel paling atas kepala pada citra warp PX 120
A8: 4 | B8: C04 | D8: Piksel paling atas kepala pada citra warp PX 120
A9: 5 | B9: C05 | D9: Piksel paling atas kepala pada citra warp PX 120
A10: 6 | B10: C06 | D10: Piksel paling atas kepala pada citra warp PX 120
A11: 7 | B11: C07 | D11: Piksel paling atas kepala pada citra warp PX 120
A12: 8 | B12: C08 | D12: Piksel paling atas kepala pada citra warp PX 120
A13: 9 | B13: C09 | D13: Piksel paling atas kepala pada citra warp PX 120
A14: 10 | B14: C10 | D14: Piksel paling atas kepala pada citra warp PX 120
A15: 11 | B15: C11 | D15: Piksel paling atas kepala pada citra warp PX 120
A16: 12 | B16: C12 | D16: Piksel paling atas kepala pada citra warp PX 120
... A19: 15 | B19: C15 | D19: Piksel paling atas kepala pada citra warp PX 120

Sheet Data 135 Pengamatan
A1: DATA PENGUJIAN 9 KOMBINASI KOEFISIEN KEPALA × 15 FOTO | B1: DATA PENGUJIAN 9 KOMBINASI KOEFISIEN KEPALA × 15 FOTO | C1: DATA PENGUJIAN 9 KOMBINASI KOEFISIEN KEPALA × 15 FOTO | D1: DATA PENGUJIAN 9 KOMBINASI KOEFISIEN KEPALA × 15 FOTO | E1: DATA PENGUJIAN 9 KOMBINASI KOEFISIEN KEPALA × 15 FOTO | F1: DATA PENGUJIAN 9 KOMBINASI KOEFISIEN KEPALA × 15 FOTO | G1: DATA PENGUJIAN 9 KOMBINASI KOEFISIEN KEPALA × 15 FOTO | H1: DATA PENGUJIAN 9 KOMBINASI KOEFISIEN KEPALA × 15 FOTO | I1: DATA PENGUJIAN 9 KOMBINASI KOEFISIEN KEPALA × 15 FOTO | J1: DATA PENGUJIAN 9 KOMBINASI KOEFISIEN KEPALA × 15 FOTO | K1: DATA PENGUJIAN 9 KOMBINASI KOEFISIEN KEPALA × 15 FOTO | L1: DATA PENGUJIAN 9 KOMBINASI KOEFISIEN KEPALA × 15 FOTO
A2: Isi kolom kuning dari screenshot Measurement. Kolom biru dihitung otomatis. Jangan menilai kombinasi dari tinggi akhir; gunakan galat headTop.y.
A4: No. | B4: Kombinasi | C4: eyeToShoulder | D4: earToEye | E4: Kode citra | F4: headTop.y aplikasi (px) | G4: Y kepala manual (px) | H4: Galat kepala (px) | I4: Tinggi aplikasi (cm) | J4: Measurement tersedia | K4: Bukti tahap lengkap | L4: Catatan
A5: 1 | B5: 0,20 / 0,10 | C5: 0.2 | D5: 0.1 | E5: C01 | G5: =IF('Referensi Manual'!C5="","",'Referensi Manual'!C5) | H5: =IF(OR(F5="",G5=""),"",ABS(F5-G5)) | J5: Ya | K5: Ya
A6: 2 | B6: 0,20 / 0,10 | C6: 0.2 | D6: 0.1 | E6: C02 | G6: =IF('Referensi Manual'!C6="","",'Referensi Manual'!C6) | H6: =IF(OR(F6="",G6=""),"",ABS(F6-G6)) | J6: Ya | K6: Ya
A7: 3 | B7: 0,20 / 0,10 | C7: 0.2 | D7: 0.1 | E7: C03 | G7: =IF('Referensi Manual'!C7="","",'Referensi Manual'!C7) | H7: =IF(OR(F7="",G7=""),"",ABS(F7-G7)) | J7: Ya | K7: Ya
A8: 4 | B8: 0,20 / 0,10 | C8: 0.2 | D8: 0.1 | E8: C04 | G8: =IF('Referensi Manual'!C8="","",'Referensi Manual'!C8) | H8: =IF(OR(F8="",G8=""),"",ABS(F8-G8)) | J8: Ya | K8: Ya
A9: 5 | B9: 0,20 / 0,10 | C9: 0.2 | D9: 0.1 | E9: C05 | G9: =IF('Referensi Manual'!C9="","",'Referensi Manual'!C9) | H9: =IF(OR(F9="",G9=""),"",ABS(F9-G9)) | J9: Ya | K9: Ya
A10: 6 | B10: 0,20 / 0,10 | C10: 0.2 | D10: 0.1 | E10: C06 | G10: =IF('Referensi Manual'!C10="","",'Referensi Manual'!C10) | H10: =IF(OR(F10="",G10=""),"",ABS(F10-G10)) | J10: Ya | K10: Ya
A11: 7 | B11: 0,20 / 0,10 | C11: 0.2 | D11: 0.1 | E11: C07 | G11: =IF('Referensi Manual'!C11="","",'Referensi Manual'!C11) | H11: =IF(OR(F11="",G11=""),"",ABS(F11-G11)) | J11: Ya | K11: Ya
A12: 8 | B12: 0,20 / 0,10 | C12: 0.2 | D12: 0.1 | E12: C08 | G12: =IF('Referensi Manual'!C12="","",'Referensi Manual'!C12) | H12: =IF(OR(F12="",G12=""),"",ABS(F12-G12)) | J12: Ya | K12: Ya
A13: 9 | B13: 0,20 / 0,10 | C13: 0.2 | D13: 0.1 | E13: C09 | G13: =IF('Referensi Manual'!C13="","",'Referensi Manual'!C13) | H13: =IF(OR(F13="",G13=""),"",ABS(F13-G13)) | J13: Ya | K13: Ya
A14: 10 | B14: 0,20 / 0,10 | C14: 0.2 | D14: 0.1 | E14: C10 | G14: =IF('Referensi Manual'!C14="","",'Referensi Manual'!C14) | H14: =IF(OR(F14="",G14=""),"",ABS(F14-G14)) | J14: Ya | K14: Ya
A15: 11 | B15: 0,20 / 0,10 | C15: 0.2 | D15: 0.1 | E15: C11 | G15: =IF('Referensi Manual'!C15="","",'Referensi Manual'!C15) | H15: =IF(OR(F15="",G15=""),"",ABS(F15-G15)) | J15: Ya | K15: Ya
A16: 12 | B16: 0,20 / 0,10 | C16: 0.2 | D16: 0.1 | E16: C12 | G16: =IF('Referensi Manual'!C16="","",'Referensi Manual'!C16) | H16: =IF(OR(F16="",G16=""),"",ABS(F16-G16)) | J16: Ya | K16: Ya
... A19: 15 | B19: 0,20 / 0,10 | C19: 0.2 | D19: 0.1 | E19: C15 | G19: =IF('Referensi Manual'!C19="","",'Referensi Manual'!C19) | H19: =IF(OR(F19="",G19=""),"",ABS(F19-G19)) | J19: Ya | K19: Ya
A20: 16 | B20: 0,20 / 0,15 | C20: 0.2 | D20: 0.15 | E20: C01 | G20: =IF('Referensi Manual'!C5="","",'Referensi Manual'!C5) | H20: =IF(OR(F20="",G20=""),"",ABS(F20-G20)) | J20: Ya | K20: Ya
A21: 17 | B21: 0,20 / 0,15 | C21: 0.2 | D21: 0.15 | E21: C02 | G21: =IF('Referensi Manual'!C6="","",'Referensi Manual'!C6) | H21: =IF(OR(F21="",G21=""),"",ABS(F21-G21)) | J21: Ya | K21: Ya
A22: 18 | B22: 0,20 / 0,15 | C22: 0.2 | D22: 0.15 | E22: C03 | G22: =IF('Referensi Manual'!C7="","",'Referensi Manual'!C7) | H22: =IF(OR(F22="",G22=""),"",ABS(F22-G22)) | J22: Ya | K22: Ya
A23: 19 | B23: 0,20 / 0,15 | C23: 0.2 | D23: 0.15 | E23: C04 | G23: =IF('Referensi Manual'!C8="","",'Referensi Manual'!C8) | H23: =IF(OR(F23="",G23=""),"",ABS(F23-G23)) | J23: Ya | K23: Tidak | L23: Screenshot MediaPipe tidak tersimpan; Measurement tersedia sehingga galat kepala tetap dapat dihitung.
A24: 20 | B24: 0,20 / 0,15 | C24: 0.2 | D24: 0.15 | E24: C05 | G24: =IF('Referensi Manual'!C9="","",'Referensi Manual'!C9) | H24: =IF(OR(F24="",G24=""),"",ABS(F24-G24)) | J24: Ya | K24: Ya
A25: 21 | B25: 0,20 / 0,15 | C25: 0.2 | D25: 0.15 | E25: C06 | G25: =IF('Referensi Manual'!C10="","",'Referensi Manual'!C10) | H25: =IF(OR(F25="",G25=""),"",ABS(F25-G25)) | J25: Ya | K25: Ya
A26: 22 | B26: 0,20 / 0,15 | C26: 0.2 | D26: 0.15 | E26: C07 | G26: =IF('Referensi Manual'!C11="","",'Referensi Manual'!C11) | H26: =IF(OR(F26="",G26=""),"",ABS(F26-G26)) | J26: Ya | K26: Ya
A27: 23 | B27: 0,20 / 0,15 | C27: 0.2 | D27: 0.15 | E27: C08 | G27: =IF('Referensi Manual'!C12="","",'Referensi Manual'!C12) | H27: =IF(OR(F27="",G27=""),"",ABS(F27-G27)) | J27: Ya | K27: Ya
A28: 24 | B28: 0,20 / 0,15 | C28: 0.2 | D28: 0.15 | E28: C09 | G28: =IF('Referensi Manual'!C13="","",'Referensi Manual'!C13) | H28: =IF(OR(F28="",G28=""),"",ABS(F28-G28)) | J28: Ya | K28: Ya
A29: 25 | B29: 0,20 / 0,15 | C29: 0.2 | D29: 0.15 | E29: C10 | G29: =IF('Referensi Manual'!C14="","",'Referensi Manual'!C14) | H29: =IF(OR(F29="",G29=""),"",ABS(F29-G29)) | J29: Ya | K29: Ya
A30: 26 | B30: 0,20 / 0,15 | C30: 0.2 | D30: 0.15 | E30: C11 | G30: =IF('Referensi Manual'!C15="","",'Referensi Manual'!C15) | H30: =IF(OR(F30="",G30=""),"",ABS(F30-G30)) | J30: Ya | K30: Ya
A31: 27 | B31: 0,20 / 0,15 | C31: 0.2 | D31: 0.15 | E31: C12 | G31: =IF('Referensi Manual'!C16="","",'Referensi Manual'!C16) | H31: =IF(OR(F31="",G31=""),"",ABS(F31-G31)) | J31: Ya | K31: Ya
A32: 28 | B32: 0,20 / 0,15 | C32: 0.2 | D32: 0.15 | E32: C13 | G32: =IF('Referensi Manual'!C17="","",'Referensi Manual'!C17) | H32: =IF(OR(F32="",G32=""),"",ABS(F32-G32)) | J32: Ya | K32: Tidak | L32: Screenshot MediaPipe tidak tersimpan; Measurement tersedia sehingga galat kepala tetap dapat dihitung.
A33: 29 | B33: 0,20 / 0,15 | C33: 0.2 | D33: 0.15 | E33: C14 | G33: =IF('Referensi Manual'!C18="","",'Referensi Manual'!C18) | H33: =IF(OR(F33="",G33=""),"",ABS(F33-G33)) | J33: Ya | K33: Ya
A34: 30 | B34: 0,20 / 0,15 | C34: 0.2 | D34: 0.15 | E34: C15 | G34: =IF('Referensi Manual'!C19="","",'Referensi Manual'!C19) | H34: =IF(OR(F34="",G34=""),"",ABS(F34-G34)) | J34: Ya | K34: Ya
A35: 31 | B35: 0,20 / 0,20 | C35: 0.2 | D35: 0.2 | E35: C01 | G35: =IF('Referensi Manual'!C5="","",'Referensi Manual'!C5) | H35: =IF(OR(F35="",G35=""),"",ABS(F35-G35)) | J35: Ya | K35: Ya
A36: 32 | B36: 0,20 / 0,20 | C36: 0.2 | D36: 0.2 | E36: C02 | G36: =IF('Referensi Manual'!C6="","",'Referensi Manual'!C6) | H36: =IF(OR(F36="",G36=""),"",ABS(F36-G36)) | J36: Ya | K36: Ya
A37: 33 | B37: 0,20 / 0,20 | C37: 0.2 | D37: 0.2 | E37: C03 | G37: =IF('Referensi Manual'!C7="","",'Referensi Manual'!C7) | H37: =IF(OR(F37="",G37=""),"",ABS(F37-G37)) | J37: Ya | K37: Ya
A38: 34 | B38: 0,20 / 0,20 | C38: 0.2 | D38: 0.2 | E38: C04 | G38: =IF('Referensi Manual'!C8="","",'Referensi Manual'!C8) | H38: =IF(OR(F38="",G38=""),"",ABS(F38-G38)) | J38: Ya | K38: Ya
A39: 35 | B39: 0,20 / 0,20 | C39: 0.2 | D39: 0.2 | E39: C05 | G39: =IF('Referensi Manual'!C9="","",'Referensi Manual'!C9) | H39: =IF(OR(F39="",G39=""),"",ABS(F39-G39)) | J39: Ya | K39: Ya
A40: 36 | B40: 0,20 / 0,20 | C40: 0.2 | D40: 0.2 | E40: C06 | G40: =IF('Referensi Manual'!C10="","",'Referensi Manual'!C10) | H40: =IF(OR(F40="",G40=""),"",ABS(F40-G40)) | J40: Ya | K40: Ya
A41: 37 | B41: 0,20 / 0,20 | C41: 0.2 | D41: 0.2 | E41: C07 | G41: =IF('Referensi Manual'!C11="","",'Referensi Manual'!C11) | H41: =IF(OR(F41="",G41=""),"",ABS(F41-G41)) | J41: Ya | K41: Ya
A42: 38 | B42: 0,20 / 0,20 | C42: 0.2 | D42: 0.2 | E42: C08 | G42: =IF('Referensi Manual'!C12="","",'Referensi Manual'!C12) | H42: =IF(OR(F42="",G42=""),"",ABS(F42-G42)) | J42: Ya | K42: Ya
A43: 39 | B43: 0,20 / 0,20 | C43: 0.2 | D43: 0.2 | E43: C09 | G43: =IF('Referensi Manual'!C13="","",'Referensi Manual'!C13) | H43: =IF(OR(F43="",G43=""),"",ABS(F43-G43)) | J43: Ya | K43: Ya
A44: 40 | B44: 0,20 / 0,20 | C44: 0.2 | D44: 0.2 | E44: C10 | G44: =IF('Referensi Manual'!C14="","",'Referensi Manual'!C14) | H44: =IF(OR(F44="",G44=""),"",ABS(F44-G44)) | J44: Ya | K44: Ya
A45: 41 | B45: 0,20 / 0,20 | C45: 0.2 | D45: 0.2 | E45: C11 | G45: =IF('Referensi Manual'!C15="","",'Referensi Manual'!C15) | H45: =IF(OR(F45="",G45=""),"",ABS(F45-G45)) | J45: Ya | K45: Ya
A46: 42 | B46: 0,20 / 0,20 | C46: 0.2 | D46: 0.2 | E46: C12 | G46: =IF('Referensi Manual'!C16="","",'Referensi Manual'!C16) | H46: =IF(OR(F46="",G46=""),"",ABS(F46-G46)) | J46: Ya | K46: Ya
... A49: 45 | B49: 0,20 / 0,20 | C49: 0.2 | D49: 0.2 | E49: C15 | G49: =IF('Referensi Manual'!C19="","",'Referensi Manual'!C19) | H49: =IF(OR(F49="",G49=""),"",ABS(F49-G49)) | J49: Ya | K49: Ya
A50: 46 | B50: 0,28 / 0,10 | C50: 0.28 | D50: 0.1 | E50: C01 | G50: =IF('Referensi Manual'!C5="","",'Referensi Manual'!C5) | H50: =IF(OR(F50="",G50=""),"",ABS(F50-G50)) | J50: Ya | K50: Ya
A51: 47 | B51: 0,28 / 0,10 | C51: 0.28 | D51: 0.1 | E51: C02 | G51: =IF('Referensi Manual'!C6="","",'Referensi Manual'!C6) | H51: =IF(OR(F51="",G51=""),"",ABS(F51-G51)) | J51: Ya | K51: Ya
A52: 48 | B52: 0,28 / 0,10 | C52: 0.28 | D52: 0.1 | E52: C03 | G52: =IF('Referensi Manual'!C7="","",'Referensi Manual'!C7) | H52: =IF(OR(F52="",G52=""),"",ABS(F52-G52)) | J52: Ya | K52: Ya
A53: 49 | B53: 0,28 / 0,10 | C53: 0.28 | D53: 0.1 | E53: C04 | G53: =IF('Referensi Manual'!C8="","",'Referensi Manual'!C8) | H53: =IF(OR(F53="",G53=""),"",ABS(F53-G53)) | J53: Ya | K53: Ya
A54: 50 | B54: 0,28 / 0,10 | C54: 0.28 | D54: 0.1 | E54: C05 | G54: =IF('Referensi Manual'!C9="","",'Referensi Manual'!C9) | H54: =IF(OR(F54="",G54=""),"",ABS(F54-G54)) | J54: Ya | K54: Ya
A55: 51 | B55: 0,28 / 0,10 | C55: 0.28 | D55: 0.1 | E55: C06 | G55: =IF('Referensi Manual'!C10="","",'Referensi Manual'!C10) | H55: =IF(OR(F55="",G55=""),"",ABS(F55-G55)) | J55: Ya | K55: Ya
A56: 52 | B56: 0,28 / 0,10 | C56: 0.28 | D56: 0.1 | E56: C07 | G56: =IF('Referensi Manual'!C11="","",'Referensi Manual'!C11) | H56: =IF(OR(F56="",G56=""),"",ABS(F56-G56)) | J56: Ya | K56: Ya
A57: 53 | B57: 0,28 / 0,10 | C57: 0.28 | D57: 0.1 | E57: C08 | G57: =IF('Referensi Manual'!C12="","",'Referensi Manual'!C12) | H57: =IF(OR(F57="",G57=""),"",ABS(F57-G57)) | J57: Ya | K57: Ya
A58: 54 | B58: 0,28 / 0,10 | C58: 0.28 | D58: 0.1 | E58: C09 | G58: =IF('Referensi Manual'!C13="","",'Referensi Manual'!C13) | H58: =IF(OR(F58="",G58=""),"",ABS(F58-G58)) | J58: Ya | K58: Ya
A59: 55 | B59: 0,28 / 0,10 | C59: 0.28 | D59: 0.1 | E59: C10 | G59: =IF('Referensi Manual'!C14="","",'Referensi Manual'!C14) | H59: =IF(OR(F59="",G59=""),"",ABS(F59-G59)) | J59: Ya | K59: Ya
A60: 56 | B60: 0,28 / 0,10 | C60: 0.28 | D60: 0.1 | E60: C11 | G60: =IF('Referensi Manual'!C15="","",'Referensi Manual'!C15) | H60: =IF(OR(F60="",G60=""),"",ABS(F60-G60)) | J60: Ya | K60: Ya
A61: 57 | B61: 0,28 / 0,10 | C61: 0.28 | D61: 0.1 | E61: C12 | G61: =IF('Referensi Manual'!C16="","",'Referensi Manual'!C16) | H61: =IF(OR(F61="",G61=""),"",ABS(F61-G61)) | J61: Ya | K61: Ya
A62: 58 | B62: 0,28 / 0,10 | C62: 0.28 | D62: 0.1 | E62: C13 | G62: =IF('Referensi Manual'!C17="","",'Referensi Manual'!C17) | H62: =IF(OR(F62="",G62=""),"",ABS(F62-G62)) | J62: Ya | K62: Tidak | L62: Screenshot perspektif tidak tersimpan; Measurement tersedia sehingga galat kepala tetap dapat dihitung.
A63: 59 | B63: 0,28 / 0,10 | C63: 0.28 | D63: 0.1 | E63: C14 | G63: =IF('Referensi Manual'!C18="","",'Referensi Manual'!C18) | H63: =IF(OR(F63="",G63=""),"",ABS(F63-G63)) | J63: Ya | K63: Ya
A64: 60 | B64: 0,28 / 0,10 | C64: 0.28 | D64: 0.1 | E64: C15 | G64: =IF('Referensi Manual'!C19="","",'Referensi Manual'!C19) | H64: =IF(OR(F64="",G64=""),"",ABS(F64-G64)) | J64: Ya | K64: Ya
A65: 61 | B65: 0,28 / 0,15 | C65: 0.28 | D65: 0.15 | E65: C01 | G65: =IF('Referensi Manual'!C5="","",'Referensi Manual'!C5) | H65: =IF(OR(F65="",G65=""),"",ABS(F65-G65)) | J65: Ya | K65: Ya
A66: 62 | B66: 0,28 / 0,15 | C66: 0.28 | D66: 0.15 | E66: C02 | G66: =IF('Referensi Manual'!C6="","",'Referensi Manual'!C6) | H66: =IF(OR(F66="",G66=""),"",ABS(F66-G66)) | J66: Ya | K66: Ya
A67: 63 | B67: 0,28 / 0,15 | C67: 0.28 | D67: 0.15 | E67: C03 | G67: =IF('Referensi Manual'!C7="","",'Referensi Manual'!C7) | H67: =IF(OR(F67="",G67=""),"",ABS(F67-G67)) | J67: Ya | K67: Ya
A68: 64 | B68: 0,28 / 0,15 | C68: 0.28 | D68: 0.15 | E68: C04 | G68: =IF('Referensi Manual'!C8="","",'Referensi Manual'!C8) | H68: =IF(OR(F68="",G68=""),"",ABS(F68-G68)) | J68: Ya | K68: Ya
A69: 65 | B69: 0,28 / 0,15 | C69: 0.28 | D69: 0.15 | E69: C05 | G69: =IF('Referensi Manual'!C9="","",'Referensi Manual'!C9) | H69: =IF(OR(F69="",G69=""),"",ABS(F69-G69)) | J69: Ya | K69: Ya
A70: 66 | B70: 0,28 / 0,15 | C70: 0.28 | D70: 0.15 | E70: C06 | G70: =IF('Referensi Manual'!C10="","",'Referensi Manual'!C10) | H70: =IF(OR(F70="",G70=""),"",ABS(F70-G70)) | J70: Ya | K70: Ya
A71: 67 | B71: 0,28 / 0,15 | C71: 0.28 | D71: 0.15 | E71: C07 | G71: =IF('Referensi Manual'!C11="","",'Referensi Manual'!C11) | H71: =IF(OR(F71="",G71=""),"",ABS(F71-G71)) | J71: Ya | K71: Ya
A72: 68 | B72: 0,28 / 0,15 | C72: 0.28 | D72: 0.15 | E72: C08 | G72: =IF('Referensi Manual'!C12="","",'Referensi Manual'!C12) | H72: =IF(OR(F72="",G72=""),"",ABS(F72-G72)) | J72: Ya | K72: Ya
A73: 69 | B73: 0,28 / 0,15 | C73: 0.28 | D73: 0.15 | E73: C09 | G73: =IF('Referensi Manual'!C13="","",'Referensi Manual'!C13) | H73: =IF(OR(F73="",G73=""),"",ABS(F73-G73)) | J73: Ya | K73: Ya
A74: 70 | B74: 0,28 / 0,15 | C74: 0.28 | D74: 0.15 | E74: C10 | G74: =IF('Referensi Manual'!C14="","",'Referensi Manual'!C14) | H74: =IF(OR(F74="",G74=""),"",ABS(F74-G74)) | J74: Ya | K74: Ya
A75: 71 | B75: 0,28 / 0,15 | C75: 0.28 | D75: 0.15 | E75: C11 | G75: =IF('Referensi Manual'!C15="","",'Referensi Manual'!C15) | H75: =IF(OR(F75="",G75=""),"",ABS(F75-G75)) | J75: Ya | K75: Ya
A76: 72 | B76: 0,28 / 0,15 | C76: 0.28 | D76: 0.15 | E76: C12 | G76: =IF('Referensi Manual'!C16="","",'Referensi Manual'!C16) | H76: =IF(OR(F76="",G76=""),"",ABS(F76-G76)) | J76: Ya | K76: Ya
... A79: 75 | B79: 0,28 / 0,15 | C79: 0.28 | D79: 0.15 | E79: C15 | G79: =IF('Referensi Manual'!C19="","",'Referensi Manual'!C19) | H79: =IF(OR(F79="",G79=""),"",ABS(F79-G79)) | J79: Ya | K79: Ya
A80: 76 | B80: 0,28 / 0,20 | C80: 0.28 | D80: 0.2 | E80: C01 | G80: =IF('Referensi Manual'!C5="","",'Referensi Manual'!C5) | H80: =IF(OR(F80="",G80=""),"",ABS(F80-G80)) | J80: Ya | K80: Ya
A81: 77 | B81: 0,28 / 0,20 | C81: 0.28 | D81: 0.2 | E81: C02 | G81: =IF('Referensi Manual'!C6="","",'Referensi Manual'!C6) | H81: =IF(OR(F81="",G81=""),"",ABS(F81-G81)) | J81: Ya | K81: Ya
A82: 78 | B82: 0,28 / 0,20 | C82: 0.28 | D82: 0.2 | E82: C03 | G82: =IF('Referensi Manual'!C7="","",'Referensi Manual'!C7) | H82: =IF(OR(F82="",G82=""),"",ABS(F82-G82)) | J82: Ya | K82: Ya
A83: 79 | B83: 0,28 / 0,20 | C83: 0.28 | D83: 0.2 | E83: C04 | G83: =IF('Referensi Manual'!C8="","",'Referensi Manual'!C8) | H83: =IF(OR(F83="",G83=""),"",ABS(F83-G83)) | J83: Ya | K83: Ya
A84: 80 | B84: 0,28 / 0,20 | C84: 0.28 | D84: 0.2 | E84: C05 | G84: =IF('Referensi Manual'!C9="","",'Referensi Manual'!C9) | H84: =IF(OR(F84="",G84=""),"",ABS(F84-G84)) | J84: Ya | K84: Ya
A85: 81 | B85: 0,28 / 0,20 | C85: 0.28 | D85: 0.2 | E85: C06 | G85: =IF('Referensi Manual'!C10="","",'Referensi Manual'!C10) | H85: =IF(OR(F85="",G85=""),"",ABS(F85-G85)) | J85: Ya | K85: Ya
A86: 82 | B86: 0,28 / 0,20 | C86: 0.28 | D86: 0.2 | E86: C07 | G86: =IF('Referensi Manual'!C11="","",'Referensi Manual'!C11) | H86: =IF(OR(F86="",G86=""),"",ABS(F86-G86)) | J86: Ya | K86: Ya
A87: 83 | B87: 0,28 / 0,20 | C87: 0.28 | D87: 0.2 | E87: C08 | G87: =IF('Referensi Manual'!C12="","",'Referensi Manual'!C12) | H87: =IF(OR(F87="",G87=""),"",ABS(F87-G87)) | J87: Ya | K87: Ya
A88: 84 | B88: 0,28 / 0,20 | C88: 0.28 | D88: 0.2 | E88: C09 | G88: =IF('Referensi Manual'!C13="","",'Referensi Manual'!C13) | H88: =IF(OR(F88="",G88=""),"",ABS(F88-G88)) | J88: Ya | K88: Ya
A89: 85 | B89: 0,28 / 0,20 | C89: 0.28 | D89: 0.2 | E89: C10 | G89: =IF('Referensi Manual'!C14="","",'Referensi Manual'!C14) | H89: =IF(OR(F89="",G89=""),"",ABS(F89-G89)) | J89: Ya | K89: Ya
A90: 86 | B90: 0,28 / 0,20 | C90: 0.28 | D90: 0.2 | E90: C11 | G90: =IF('Referensi Manual'!C15="","",'Referensi Manual'!C15) | H90: =IF(OR(F90="",G90=""),"",ABS(F90-G90)) | J90: Ya | K90: Ya
A91: 87 | B91: 0,28 / 0,20 | C91: 0.28 | D91: 0.2 | E91: C12 | G91: =IF('Referensi Manual'!C16="","",'Referensi Manual'!C16) | H91: =IF(OR(F91="",G91=""),"",ABS(F91-G91)) | J91: Ya | K91: Ya
... A94: 90 | B94: 0,28 / 0,20 | C94: 0.28 | D94: 0.2 | E94: C15 | G94: =IF('Referensi Manual'!C19="","",'Referensi Manual'!C19) | H94: =IF(OR(F94="",G94=""),"",ABS(F94-G94)) | J94: Ya | K94: Ya
A95: 91 | B95: 0,35 / 0,10 | C95: 0.35 | D95: 0.1 | E95: C01 | G95: =IF('Referensi Manual'!C5="","",'Referensi Manual'!C5) | H95: =IF(OR(F95="",G95=""),"",ABS(F95-G95)) | J95: Ya | K95: Ya
A96: 92 | B96: 0,35 / 0,10 | C96: 0.35 | D96: 0.1 | E96: C02 | G96: =IF('Referensi Manual'!C6="","",'Referensi Manual'!C6) | H96: =IF(OR(F96="",G96=""),"",ABS(F96-G96)) | J96: Ya | K96: Ya
A97: 93 | B97: 0,35 / 0,10 | C97: 0.35 | D97: 0.1 | E97: C03 | G97: =IF('Referensi Manual'!C7="","",'Referensi Manual'!C7) | H97: =IF(OR(F97="",G97=""),"",ABS(F97-G97)) | J97: Ya | K97: Ya
A98: 94 | B98: 0,35 / 0,10 | C98: 0.35 | D98: 0.1 | E98: C04 | G98: =IF('Referensi Manual'!C8="","",'Referensi Manual'!C8) | H98: =IF(OR(F98="",G98=""),"",ABS(F98-G98)) | J98: Ya | K98: Ya
A99: 95 | B99: 0,35 / 0,10 | C99: 0.35 | D99: 0.1 | E99: C05 | G99: =IF('Referensi Manual'!C9="","",'Referensi Manual'!C9) | H99: =IF(OR(F99="",G99=""),"",ABS(F99-G99)) | J99: Ya | K99: Ya
A100: 96 | B100: 0,35 / 0,10 | C100: 0.35 | D100: 0.1 | E100: C06 | G100: =IF('Referensi Manual'!C10="","",'Referensi Manual'!C10) | H100: =IF(OR(F100="",G100=""),"",ABS(F100-G100)) | J100: Ya | K100: Ya
A101: 97 | B101: 0,35 / 0,10 | C101: 0.35 | D101: 0.1 | E101: C07 | G101: =IF('Referensi Manual'!C11="","",'Referensi Manual'!C11) | H101: =IF(OR(F101="",G101=""),"",ABS(F101-G101)) | J101: Ya | K101: Ya
A102: 98 | B102: 0,35 / 0,10 | C102: 0.35 | D102: 0.1 | E102: C08 | G102: =IF('Referensi Manual'!C12="","",'Referensi Manual'!C12) | H102: =IF(OR(F102="",G102=""),"",ABS(F102-G102)) | J102: Ya | K102: Ya
A103: 99 | B103: 0,35 / 0,10 | C103: 0.35 | D103: 0.1 | E103: C09 | G103: =IF('Referensi Manual'!C13="","",'Referensi Manual'!C13) | H103: =IF(OR(F103="",G103=""),"",ABS(F103-G103)) | J103: Ya | K103: Ya
A104: 100 | B104: 0,35 / 0,10 | C104: 0.35 | D104: 0.1 | E104: C10 | G104: =IF('Referensi Manual'!C14="","",'Referensi Manual'!C14) | H104: =IF(OR(F104="",G104=""),"",ABS(F104-G104)) | J104: Ya | K104: Ya
A105: 101 | B105: 0,35 / 0,10 | C105: 0.35 | D105: 0.1 | E105: C11 | G105: =IF('Referensi Manual'!C15="","",'Referensi Manual'!C15) | H105: =IF(OR(F105="",G105=""),"",ABS(F105-G105)) | J105: Ya | K105: Ya
A106: 102 | B106: 0,35 / 0,10 | C106: 0.35 | D106: 0.1 | E106: C12 | G106: =IF('Referensi Manual'!C16="","",'Referensi Manual'!C16) | H106: =IF(OR(F106="",G106=""),"",ABS(F106-G106)) | J106: Ya | K106: Ya
... A109: 105 | B109: 0,35 / 0,10 | C109: 0.35 | D109: 0.1 | E109: C15 | G109: =IF('Referensi Manual'!C19="","",'Referensi Manual'!C19) | H109: =IF(OR(F109="",G109=""),"",ABS(F109-G109)) | J109: Ya | K109: Ya
A110: 106 | B110: 0,35 / 0,15 | C110: 0.35 | D110: 0.15 | E110: C01 | G110: =IF('Referensi Manual'!C5="","",'Referensi Manual'!C5) | H110: =IF(OR(F110="",G110=""),"",ABS(F110-G110)) | J110: Ya | K110: Ya
A111: 107 | B111: 0,35 / 0,15 | C111: 0.35 | D111: 0.15 | E111: C02 | G111: =IF('Referensi Manual'!C6="","",'Referensi Manual'!C6) | H111: =IF(OR(F111="",G111=""),"",ABS(F111-G111)) | J111: Ya | K111: Ya
...

Sheet Ringkasan Kombinasi
A1: RINGKASAN DAN PEMILIHAN KOEFISIEN KEPALA | B1: RINGKASAN DAN PEMILIHAN KOEFISIEN KEPALA | C1: RINGKASAN DAN PEMILIHAN KOEFISIEN KEPALA | D1: RINGKASAN DAN PEMILIHAN KOEFISIEN KEPALA | E1: RINGKASAN DAN PEMILIHAN KOEFISIEN KEPALA | F1: RINGKASAN DAN PEMILIHAN KOEFISIEN KEPALA | G1: RINGKASAN DAN PEMILIHAN KOEFISIEN KEPALA | H1: RINGKASAN DAN PEMILIHAN KOEFISIEN KEPALA
A3: Peringkat | B3: Kombinasi | C3: eyeToShoulder | D3: earToEye | E3: Data terisi | F3: Rata-rata galat (px) | G3: Galat maksimum (px) | H3: Keputusan
A4: =IF(E4=0,"",RANK(F4,$F$4:$F$12,1)) | B4: 0,20 / 0,10 | C4: 0.2 | D4: 0.1 | E4: =COUNT('Data 135 Pengamatan'!H5:H19) -> 0 | F4: =IF(E4=0,"",AVERAGE('Data 135 Pengamatan'!H5:H19)) | G4: =IF(E4=0,"",MAX('Data 135 Pengamatan'!H5:H19)) | H4: =IF(E4<15,"BELUM LENGKAP",IF(A4=1,"TERBAIK","") ) -> BELUM LENGKAP
A5: =IF(E5=0,"",RANK(F5,$F$4:$F$12,1)) | B5: 0,20 / 0,15 | C5: 0.2 | D5: 0.15 | E5: =COUNT('Data 135 Pengamatan'!H20:H34) -> 0 | F5: =IF(E5=0,"",AVERAGE('Data 135 Pengamatan'!H20:H34)) | G5: =IF(E5=0,"",MAX('Data 135 Pengamatan'!H20:H34)) | H5: =IF(E5<15,"BELUM LENGKAP",IF(A5=1,"TERBAIK","") ) -> BELUM LENGKAP
A6: =IF(E6=0,"",RANK(F6,$F$4:$F$12,1)) | B6: 0,20 / 0,20 | C6: 0.2 | D6: 0.2 | E6: =COUNT('Data 135 Pengamatan'!H35:H49) -> 0 | F6: =IF(E6=0,"",AVERAGE('Data 135 Pengamatan'!H35:H49)) | G6: =IF(E6=0,"",MAX('Data 135 Pengamatan'!H35:H49)) | H6: =IF(E6<15,"BELUM LENGKAP",IF(A6=1,"TERBAIK","") ) -> BELUM LENGKAP
A7: =IF(E7=0,"",RANK(F7,$F$4:$F$12,1)) | B7: 0,28 / 0,10 | C7: 0.28 | D7: 0.1 | E7: =COUNT('Data 135 Pengamatan'!H50:H64) -> 0 | F7: =IF(E7=0,"",AVERAGE('Data 135 Pengamatan'!H50:H64)) | G7: =IF(E7=0,"",MAX('Data 135 Pengamatan'!H50:H64)) | H7: =IF(E7<15,"BELUM LENGKAP",IF(A7=1,"TERBAIK","") ) -> BELUM LENGKAP
A8: =IF(E8=0,"",RANK(F8,$F$4:$F$12,1)) | B8: 0,28 / 0,15 | C8: 0.28 | D8: 0.15 | E8: =COUNT('Data 135 Pengamatan'!H65:H79) -> 0 | F8: =IF(E8=0,"",AVERAGE('Data 135 Pengamatan'!H65:H79)) | G8: =IF(E8=0,"",MAX('Data 135 Pengamatan'!H65:H79)) | H8: =IF(E8<15,"BELUM LENGKAP",IF(A8=1,"TERBAIK","") ) -> BELUM LENGKAP
A9: =IF(E9=0,"",RANK(F9,$F$4:$F$12,1)) | B9: 0,28 / 0,20 | C9: 0.28 | D9: 0.2 | E9: =COUNT('Data 135 Pengamatan'!H80:H94) -> 0 | F9: =IF(E9=0,"",AVERAGE('Data 135 Pengamatan'!H80:H94)) | G9: =IF(E9=0,"",MAX('Data 135 Pengamatan'!H80:H94)) | H9: =IF(E9<15,"BELUM LENGKAP",IF(A9=1,"TERBAIK","") ) -> BELUM LENGKAP
A10: =IF(E10=0,"",RANK(F10,$F$4:$F$12,1)) | B10: 0,35 / 0,10 | C10: 0.35 | D10: 0.1 | E10: =COUNT('Data 135 Pengamatan'!H95:H109) -> 0 | F10: =IF(E10=0,"",AVERAGE('Data 135 Pengamatan'!H95:H109)) | G10: =IF(E10=0,"",MAX('Data 135 Pengamatan'!H95:H109)) | H10: =IF(E10<15,"BELUM LENGKAP",IF(A10=1,"TERBAIK","") ) -> BELUM LENGKAP
A11: =IF(E11=0,"",RANK(F11,$F$4:$F$12,1)) | B11: 0,35 / 0,15 | C11: 0.35 | D11: 0.15 | E11: =COUNT('Data 135 Pengamatan'!H110:H124) -> 0 | F11: =IF(E11=0,"",AVERAGE('Data 135 Pengamatan'!H110:H124)) | G11: =IF(E11=0,"",MAX('Data 135 Pengamatan'!H110:H124)) | H11: =IF(E11<15,"BELUM LENGKAP",IF(A11=1,"TERBAIK","") ) -> BELUM LENGKAP
A12: =IF(E12=0,"",RANK(F12,$F$4:$F$12,1)) | B12: 0,35 / 0,20 | C12: 0.35 | D12: 0.2 | E12: =COUNT('Data 135 Pengamatan'!H125:H139) -> 0 | F12: =IF(E12=0,"",AVERAGE('Data 135 Pengamatan'!H125:H139)) | G12: =IF(E12=0,"",MAX('Data 135 Pengamatan'!H125:H139)) | H12: =IF(E12<15,"BELUM LENGKAP",IF(A12=1,"TERBAIK","") ) -> BELUM LENGKAP
A15: Syarat keputusan: setiap kombinasi harus memiliki 15 nilai headTop.y aplikasi dan 15 referensi manual. Nilai dengan rata-rata galat terkecil dipilih.

Sheet Petunjuk
A1: PETUNJUK PENGISIAN DAN RUMUS | B1: PETUNJUK PENGISIAN DAN RUMUS | C1: PETUNJUK PENGISIAN DAN RUMUS | D1: PETUNJUK PENGISIAN DAN RUMUS
A3: Langkah | B3: Yang dilakukan | C3: Rumus / sumber | D3: Catatan
A4: 1 | B4: Isi Y kepala manual C01–C15 satu kali. | C4: Piksel paling atas kepala pada citra warp PX 120 | D4: Gunakan anotasi yang sama untuk 9 kombinasi.
A5: 2 | B5: Buka screenshot Measurement tiap kombinasi dan foto. | C5: Salin angka headTop.y | D5: Total 135 nilai aplikasi.
A6: 3 | B6: Isi tinggi aplikasi sebagai data pendukung. | C6: Angka Tinggi badan pada Measurement | D6: Bukan dasar memilih koefisien.
A7: 4 | B7: Galat dihitung otomatis. | C7: ABS(Y aplikasi − Y manual) | D7: Satuan piksel.
A8: 5 | B8: Periksa Data terisi pada Ringkasan. | C8: Harus 15 untuk setiap kombinasi | D8: Jangan memilih hasil dari sampel tidak lengkap.
A9: 6 | B9: Pilih peringkat 1. | C9: Rata-rata galat piksel paling kecil | D9: Kunci koefisien sebelum uji titik kaki.
A10: 7 | B10: Tiga bukti tahap antara tidak lengkap. | C10: C04/C13 0,20–0,15 dan C13 0,28–0,10 | D10: Measurement tetap tersedia sehingga data utama valid.
