Workbook

Sheet Ringkasan MAE
A1: RINGKASAN MAE JARAK MARKER KE SUBJEK
A2: Perbandingan MAE pada jarak 0 cm, 5 cm, dan 10 cm menggunakan 10 data pengujian
A4: Jarak | B4: Jumlah Data | C4: Total Galat Absolut (cm) | D4: MAE (cm) | E4: Rata-rata Galat Relatif (%) | F4: Galat Minimum (cm) | G4: Galat Maksimum (cm) | H4: Keterangan | J4: Jarak | K4: MAE (cm)
A5: 0 cm | B5: ='Pengujian 0 cm'!B18 -> 10 | C5: ='Pengujian 0 cm'!B19 -> 45.3 | D5: ='Pengujian 0 cm'!B20 -> 4.53 | E5: ='Pengujian 0 cm'!B21 -> 2.8396359 | F5: ='Pengujian 0 cm'!B22 -> 0.7 | G5: ='Pengujian 0 cm'!B23 -> 8.7 | H5: =IF(D5=MIN($D$5:$D$7),"MAE TERENDAH","") | J5: 0 cm | K5: =D5 -> 4.53
A6: 10 cm | B6: ='Pengujian 10 cm'!B18 -> 10 | C6: ='Pengujian 10 cm'!B19 -> 31.5 | D6: ='Pengujian 10 cm'!B20 -> 3.15 | E6: ='Pengujian 10 cm'!B21 -> 1.9674167 | F6: ='Pengujian 10 cm'!B22 -> 0.4 | G6: ='Pengujian 10 cm'!B23 -> 7 | H6: =IF(D6=MIN($D$5:$D$7),"MAE TERENDAH","") | J6: 5 cm | K6: =D6 -> 3.15
A7: 5 cm | B7: ='Pengujian 5 cm'!B18 -> 10 | C7: ='Pengujian 5 cm'!B19 -> 17.8 | D7: ='Pengujian 5 cm'!B20 -> 1.78 | E7: ='Pengujian 5 cm'!B21 -> 1.1260213 | F7: ='Pengujian 5 cm'!B22 -> 0.2 | G7: ='Pengujian 5 cm'!B23 -> 4.4 | H7: =IF(D7=MIN($D$5:$D$7),"MAE TERENDAH","") -> MAE TERENDAH | J7: 10 cm | K7: =D7 -> 1.78
A10: KESIMPULAN
A11: ="Berdasarkan pengujian, jarak "&INDEX(A5:A7,MATCH(MIN(D5:D7),D5:D7,0))&" menghasilkan MAE terendah sebesar "&TEXT(MIN(D5:D7),"0.00")&" cm." -> Berdasarkan pengujian, jarak 5 cm menghasilkan MAE terendah sebesar 1.78 cm.

Sheet Pengujian 0 cm
A1: PENGUJIAN JARAK MARKER KE SUBJEK 0 cm
A2: Perbandingan hasil aplikasi dengan tinggi asli menggunakan MAE
A4: Kode | B4: Tinggi Asli (cm) | C4: Hasil Aplikasi (cm) | D4: Selisih (cm) | E4: Galat Absolut (cm) | F4: Galat Relatif (%) | G4: Keterangan
A5: C01 | B5: 169 | C5: 170 | D5: =C5-B5 -> 1 | E5: =ABS(D5) -> 1 | F5: =E5/B5*100 -> 0.59171598 | G5: Valid
A6: C02 | B6: 154 | C6: 149.4 | D6: =C6-B6 -> -4.6 | E6: =ABS(D6) -> 4.6 | F6: =E6/B6*100 -> 2.987013 | G6: Valid
A7: C03 | B7: 170 | C7: 168.8 | D7: =C7-B7 -> -1.2 | E7: =ABS(D7) -> 1.2 | F7: =E7/B7*100 -> 0.70588235 | G7: Valid
A8: C04 | B8: 159 | C8: 150.3 | D8: =C8-B8 -> -8.7 | E8: =ABS(D8) -> 8.7 | F8: =E8/B8*100 -> 5.4716981 | G8: Valid
A9: C05 | B9: 153 | C9: 145 | D9: =C9-B9 -> -8 | E9: =ABS(D9) -> 8 | F9: =E9/B9*100 -> 5.2287582 | G9: Valid
A10: C06 | B10: 150 | C10: 146.9 | D10: =C10-B10 -> -3.1 | E10: =ABS(D10) -> 3.1 | F10: =E10/B10*100 -> 2.0666667 | G10: Valid
A11: C07 | B11: 159 | C11: 154.4 | D11: =C11-B11 -> -4.6 | E11: =ABS(D11) -> 4.6 | F11: =E11/B11*100 -> 2.8930818 | G11: Valid
A12: C08 | B12: 173 | C12: 164.3 | D12: =C12-B12 -> -8.7 | E12: =ABS(D12) -> 8.7 | F12: =E12/B12*100 -> 5.0289017 | G12: Valid
A13: C09 | B13: 150 | C13: 149.3 | D13: =C13-B13 -> -0.7 | E13: =ABS(D13) -> 0.7 | F13: =E13/B13*100 -> 0.46666667 | G13: Valid
A14: C10 | B14: 159 | C14: 154.3 | D14: =C14-B14 -> -4.7 | E14: =ABS(D14) -> 4.7 | F14: =E14/B14*100 -> 2.9559748 | G14: Valid
A17: Metrik | B17: Nilai | C17: Satuan
A18: Jumlah data | B18: =COUNT(E5:E14) -> 10 | C18: data
A19: Total galat absolut | B19: =SUM(E5:E14) -> 45.3 | C19: cm
A20: MAE | B20: =AVERAGE(E5:E14) -> 4.53 | C20: cm
A21: Rata-rata galat relatif | B21: =AVERAGE(F5:F14) -> 2.8396359 | C21: %
A22: Galat minimum | B22: =MIN(E5:E14) -> 0.7 | C22: cm
A23: Galat maksimum | B23: =MAX(E5:E14) -> 8.7 | C23: cm
A24: Rata-rata selisih | B24: =AVERAGE(D5:D14) -> -4.33 | C24: cm

Sheet Pengujian 10 cm
A1: PENGUJIAN JARAK MARKER KE SUBJEK 5 cm
A2: Perbandingan hasil aplikasi dengan tinggi asli menggunakan MAE
A4: Kode | B4: Tinggi Asli (cm) | C4: Hasil Aplikasi (cm) | D4: Selisih (cm) | E4: Galat Absolut (cm) | F4: Galat Relatif (%) | G4: Keterangan
A5: C01 | B5: 169 | C5: 166.7 | D5: =C5-B5 -> -2.3 | E5: =ABS(D5) -> 2.3 | F5: =E5/B5*100 -> 1.3609467 | G5: Valid
A6: C02 | B6: 154 | C6: 147 | D6: =C6-B6 -> -7 | E6: =ABS(D6) -> 7 | F6: =E6/B6*100 -> 4.5454545 | G6: Valid
A7: C03 | B7: 170 | C7: 171.3 | D7: =C7-B7 -> 1.3 | E7: =ABS(D7) -> 1.3 | F7: =E7/B7*100 -> 0.76470588 | G7: Valid
A8: C04 | B8: 159 | C8: 153.9 | D8: =C8-B8 -> -5.1 | E8: =ABS(D8) -> 5.1 | F8: =E8/B8*100 -> 3.2075472 | G8: Valid
A9: C05 | B9: 153 | C9: 149.8 | D9: =C9-B9 -> -3.2 | E9: =ABS(D9) -> 3.2 | F9: =E9/B9*100 -> 2.0915033 | G9: Valid
A10: C06 | B10: 150 | C10: 150.4 | D10: =C10-B10 -> 0.4 | E10: =ABS(D10) -> 0.4 | F10: =E10/B10*100 -> 0.26666667 | G10: Valid
A11: C07 | B11: 159 | C11: 156.2 | D11: =C11-B11 -> -2.8 | E11: =ABS(D11) -> 2.8 | F11: =E11/B11*100 -> 1.7610063 | G11: Valid
A12: C08 | B12: 173 | C12: 168 | D12: =C12-B12 -> -5 | E12: =ABS(D12) -> 5 | F12: =E12/B12*100 -> 2.8901734 | G12: Valid
A13: C09 | B13: 150 | C13: 149.5 | D13: =C13-B13 -> -0.5 | E13: =ABS(D13) -> 0.5 | F13: =E13/B13*100 -> 0.33333333 | G13: Valid
A14: C10 | B14: 159 | C14: 155.1 | D14: =C14-B14 -> -3.9 | E14: =ABS(D14) -> 3.9 | F14: =E14/B14*100 -> 2.4528302 | G14: Valid
A17: Metrik | B17: Nilai | C17: Satuan
A18: Jumlah data | B18: =COUNT(E5:E14) -> 10 | C18: data
A19: Total galat absolut | B19: =SUM(E5:E14) -> 31.5 | C19: cm
A20: MAE | B20: =AVERAGE(E5:E14) -> 3.15 | C20: cm
A21: Rata-rata galat relatif | B21: =AVERAGE(F5:F14) -> 1.9674167 | C21: %
A22: Galat minimum | B22: =MIN(E5:E14) -> 0.4 | C22: cm
A23: Galat maksimum | B23: =MAX(E5:E14) -> 7 | C23: cm
A24: Rata-rata selisih | B24: =AVERAGE(D5:D14) -> -2.81 | C24: cm

Sheet Pengujian 5 cm
A1: PENGUJIAN JARAK MARKER KE SUBJEK 10 cm
A2: Perbandingan hasil aplikasi dengan tinggi asli menggunakan MAE
A4: Kode | B4: Tinggi Asli (cm) | C4: Hasil Aplikasi (cm) | D4: Selisih (cm) | E4: Galat Absolut (cm) | F4: Galat Relatif (%) | G4: Keterangan
A5: C01 | B5: 169 | C5: 171.1 | D5: =C5-B5 -> 2.1 | E5: =ABS(D5) -> 2.1 | F5: =E5/B5*100 -> 1.2426036 | G5: Valid
A6: C02 | B6: 154 | C6: 153.4 | D6: =C6-B6 -> -0.6 | E6: =ABS(D6) -> 0.6 | F6: =E6/B6*100 -> 0.38961039 | G6: Valid
A7: C03 | B7: 170 | C7: 172.7 | D7: =C7-B7 -> 2.7 | E7: =ABS(D7) -> 2.7 | F7: =E7/B7*100 -> 1.5882353 | G7: Valid
A8: C04 | B8: 159 | C8: 156.3 | D8: =C8-B8 -> -2.7 | E8: =ABS(D8) -> 2.7 | F8: =E8/B8*100 -> 1.6981132 | G8: Valid
A9: C05 | B9: 153 | C9: 153.4 | D9: =C9-B9 -> 0.4 | E9: =ABS(D9) -> 0.4 | F9: =E9/B9*100 -> 0.26143791 | G9: Valid
A10: C06 | B10: 150 | C10: 147.6 | D10: =C10-B10 -> -2.4 | E10: =ABS(D10) -> 2.4 | F10: =E10/B10*100 -> 1.6 | G10: Valid
A11: C07 | B11: 159 | C11: 158.8 | D11: =C11-B11 -> -0.2 | E11: =ABS(D11) -> 0.2 | F11: =E11/B11*100 -> 0.12578616 | G11: Valid
A12: C08 | B12: 173 | C12: 172.5 | D12: =C12-B12 -> -0.5 | E12: =ABS(D12) -> 0.5 | F12: =E12/B12*100 -> 0.28901734 | G12: Valid
A13: C09 | B13: 150 | C13: 154.4 | D13: =C13-B13 -> 4.4 | E13: =ABS(D13) -> 4.4 | F13: =E13/B13*100 -> 2.9333333 | G13: Valid
A14: C10 | B14: 159 | C14: 157.2 | D14: =C14-B14 -> -1.8 | E14: =ABS(D14) -> 1.8 | F14: =E14/B14*100 -> 1.1320755 | G14: Valid
A17: Metrik | B17: Nilai | C17: Satuan
A18: Jumlah data | B18: =COUNT(E5:E14) -> 10 | C18: data
A19: Total galat absolut | B19: =SUM(E5:E14) -> 17.8 | C19: cm
A20: MAE | B20: =AVERAGE(E5:E14) -> 1.78 | C20: cm
A21: Rata-rata galat relatif | B21: =AVERAGE(F5:F14) -> 1.1260213 | C21: %
A22: Galat minimum | B22: =MIN(E5:E14) -> 0.2 | C22: cm
A23: Galat maksimum | B23: =MAX(E5:E14) -> 4.4 | C23: cm
A24: Rata-rata selisih | B24: =AVERAGE(D5:D14) -> 0.14 | C24: cm
